"0","# LLamadO a las funciones de limpieza:"
"0","internet = normalizar_df(internet_raw, which_remove = ""cols"")"
"0","metadata = normalizar_df(metadata_raw, which_remove = ""cols"")"
"0",""
"0","# Breve inspección: "
"0","glimpse(internet)"
"1","Rows: 266"
"1",""
"1","
"
"1","Columns: 40"
"1",""
"1","
"
"1","$ country_name   [3m[38;5;246m<chr>[39m[23m ""Aruba""[38;5;246m, [39m""Africa Eastern and Southern""[38;5;246m, [39m""Afghanistan""[38;5;246m, [39m""Africa Western and Central""[38;5;246m,[39m…
$ country_code   [3m[38;5;246m<chr>[39m[23m ""ABW""[38;5;246m, [39m""AFE""[38;5;246m, [39m""AFG""[38;5;246m, [39m""AFW""[38;5;246m, [39m""AGO""[38;5;246m, [39m""ALB""[38;5;246m, [39m""AND""[38;5;246m, [39m""ARB""[38;5;246m, [39m""ARE""[38;5;246m, [39m""ARG""[38;5;246m, [39m""ARM""[38;5;246m, [39m""ASM""[38;5;246m, [39m…
$ indicator_name [3m[38;5;246m<chr>[39m[23m ""Individuals using the Internet (% of population)""[38;5;246m, [39m""Individuals using the Internet …
$ indicator_code [3m[38;5;246m<chr>[39m[23m ""IT.NET.USER.ZS""[38;5;246m, [39m""IT.NET.USER.ZS""[38;5;246m, [39m""IT.NET.USER.ZS""[38;5;246m, [39m""IT.NET.USER.ZS""[38;5;246m, [39m""IT.NET.USER…
$ x1990          [3m[38;5;246m<dbl>[39m[23m 0.00000[38;5;246m, [39m[31mNA[39m[38;5;246m, [39m0.00000[38;5;246m, [39m[31mNA[39m[38;5;246m, [39m0.00000[38;5;246m, [39m0.00000[38;5;246m, [39m0.00000[38;5;246m, [39m[31mNA[39m[38;5;246m, [39m0.00000[38;5;246m, [39m0.00000[38;5;246m, [39m0.00000[38;5;246m, [39m…
$ x1991          [3m[38;5;246m<dbl>[39m[23m [31mNA[39m[38;5;246m, [39m[31mNA[39m[38;5;246m, [39m[31mNA[39m[38;5;246m, [39m[31mNA[39m[38;5;246m, [39m[31mNA[39m[38;5;246m, [39m[31mNA[39m[38;5;246m, [39m[31mNA[39m[38;5;246m, [39m[31mNA[39m[38;5;246m, [39m[31mNA[39m[38;5;246m, [39m[31mNA[39m[38;5;246m, [39m[31mNA[39m[38;5;246m, [39m[31mNA[39m[38;5;246m, [39m[31mNA[39m[38;5;246m, [39m1.10000[38;5;246m, [39m0.25900[38;5;246m, [39m[31mNA[39m[38;5;246m, [39m0.00000[38;5;246m, [39m0…
$ x1992          [3m[38;5;246m<dbl>[39m[23m [31mNA[39m[38;5;246m, [39m[31mNA[39m[38;5;246m, [39m[31mNA[39m[38;5;246m, [39m[31mNA[39m[38;5;246m, [39m[31mNA[39m[38;5;246m, [39m[31mNA[39m[38;5;246m, [39m[31mNA[39m[38;5;246m, [39m[31mNA[39m[38;5;246m, [39m[31mNA[39m[38;5;246m, [39m0.00299[38;5;246m, [39m[31mNA[39m[38;5;246m, [39m[31mNA[39m[38;5;246m, [39m[31mNA[39m[38;5;246m, [39m1.77000[38;5;246m, [39m0.64300[38;5;246m, [39m[31mNA[39m[38;5;246m, [39m0.000…
$ x1993          [3m[38;5;246m<dbl>[39m[23m [31mNA[39m[38;5;246m, [39m[31mNA[39m[38;5;246m, [39m[31mNA[39m[38;5;246m, [39m[31mNA[39m[38;5;246m, [39m[31mNA[39m[38;5;246m, [39m[31mNA[39m[38;5;246m, [39m[31mNA[39m[38;5;246m, [39m[31mNA[39m[38;5;246m, [39m[31mNA[39m[38;5;246m, [39m0.02950[38;5;246m, [39m[31mNA[39m[38;5;246m, [39m[31mNA[39m[38;5;246m, [39m[31mNA[39m[38;5;246m, [39m1.97000[38;5;246m, [39m0.76500[38;5;246m, [39m[31mNA[39m[38;5;246m, [39m0.000…
$ x1994          [3m[38;5;246m<dbl>[39m[23m [31mNA[39m[38;5;246m, [39m[31mNA[39m[38;5;246m, [39m[31mNA[39m[38;5;246m, [39m[31mNA[39m[38;5;246m, [39m[31mNA[39m[38;5;246m, [39m[31mNA[39m[38;5;246m, [39m[31mNA[39m[38;5;246m, [39m[31mNA[39m[38;5;246m, [39m[31mNA[39m[38;5;246m, [39m0.043700[38;5;246m, [39m0.009120[38;5;246m, [39m[31mNA[39m[38;5;246m, [39m[31mNA[39m[38;5;246m, [39m2.230000[38;5;246m, [39m1.390000[38;5;246m, [39m…
$ x1995          [3m[38;5;246m<dbl>[39m[23m [31mNA[39m[38;5;246m, [39m[31mNA[39m[38;5;246m, [39m[31mNA[39m[38;5;246m, [39m[31mNA[39m[38;5;246m, [39m[31mNA[39m[38;5;246m, [39m0.01120[38;5;246m, [39m[31mNA[39m[38;5;246m, [39m[31mNA[39m[38;5;246m, [39m0.10300[38;5;246m, [39m0.08630[38;5;246m, [39m0.05270[38;5;246m, [39m[31mNA[39m[38;5;246m, [39m2.20000[38;5;246m, [39m2.76000…
$ x1996          [3m[38;5;246m<dbl>[39m[23m 2.77e+00[38;5;246m, [39m[31mNA[39m[38;5;246m, [39m[31mNA[39m[38;5;246m, [39m[31mNA[39m[38;5;246m, [39m7.76e-04[38;5;246m, [39m3.22e-02[38;5;246m, [39m1.53e+00[38;5;246m, [39m[31mNA[39m[38;5;246m, [39m3.75e-01[38;5;246m, [39m1.42e-01[38;5;246m, [39m9.46e-02…
$ x1997          [3m[38;5;246m<dbl>[39m[23m [31mNA[39m[38;5;246m, [39m[31mNA[39m[38;5;246m, [39m[31mNA[39m[38;5;246m, [39m[31mNA[39m[38;5;246m, [39m5.67e-03[38;5;246m, [39m4.86e-02[38;5;246m, [39m3.05e+00[38;5;246m, [39m[31mNA[39m[38;5;246m, [39m3.30e+00[38;5;246m, [39m2.80e-01[38;5;246m, [39m1.12e-01[38;5;246m, [39m[31mNA[39m[38;5;246m, [39m…
$ x1998          [3m[38;5;246m<dbl>[39m[23m [31mNA[39m[38;5;246m, [39m[31mNA[39m[38;5;246m, [39m[31mNA[39m[38;5;246m, [39m[31mNA[39m[38;5;246m, [39m0.01850[38;5;246m, [39m0.06500[38;5;246m, [39m6.89000[38;5;246m, [39m[31mNA[39m[38;5;246m, [39m6.91000[38;5;246m, [39m0.83100[38;5;246m, [39m0.12900[38;5;246m, [39m[31mNA[39m[38;5;246m, [39m4.0700…
$ x1999          [3m[38;5;246m<dbl>[39m[23m 4.5100[38;5;246m, [39m[31mNA[39m[38;5;246m, [39m[31mNA[39m[38;5;246m, [39m[31mNA[39m[38;5;246m, [39m0.0720[38;5;246m, [39m0.0814[38;5;246m, [39m7.6400[38;5;246m, [39m[31mNA[39m[38;5;246m, [39m14.9000[38;5;246m, [39m3.2800[38;5;246m, [39m0.9710[38;5;246m, [39m[31mNA[39m[38;5;246m, [39m5.3000[38;5;246m,[39m…
$ x2000          [3m[38;5;246m<dbl>[39m[23m 15.4428000[38;5;246m, [39m[31mNA[39m[38;5;246m, [39m[31mNA[39m[38;5;246m, [39m[31mNA[39m[38;5;246m, [39m0.1050460[38;5;246m, [39m0.1140970[38;5;246m, [39m10.5388000[38;5;246m, [39m[31mNA[39m[38;5;246m, [39m23.6253000[38;5;246m, [39m7.0386800[38;5;246m,[39m…
$ x2001          [3m[38;5;246m<dbl>[39m[23m 17.10000000[38;5;246m, [39m[31mNA[39m[38;5;246m, [39m0.00472257[38;5;246m, [39m[31mNA[39m[38;5;246m, [39m0.13601400[38;5;246m, [39m0.32579800[38;5;246m, [39m[31mNA[39m[38;5;246m, [39m[31mNA[39m[38;5;246m, [39m26.27180000[38;5;246m, [39m9.7808…
$ x2002          [3m[38;5;246m<dbl>[39m[23m 18.8000000[38;5;246m, [39m[31mNA[39m[38;5;246m, [39m0.0045614[38;5;246m, [39m[31mNA[39m[38;5;246m, [39m0.2703770[38;5;246m, [39m0.3900810[38;5;246m, [39m11.2605000[38;5;246m, [39m[31mNA[39m[38;5;246m, [39m28.3165000[38;5;246m, [39m10.…
$ x2003          [3m[38;5;246m<dbl>[39m[23m 20.8000000[38;5;246m, [39m[31mNA[39m[38;5;246m, [39m0.0878913[38;5;246m, [39m[31mNA[39m[38;5;246m, [39m0.3706820[38;5;246m, [39m0.9719000[38;5;246m, [39m13.5464000[38;5;246m, [39m[31mNA[39m[38;5;246m, [39m29.4780000[38;5;246m, [39m11.…
$ x2004          [3m[38;5;246m<dbl>[39m[23m 23.000000[38;5;246m, [39m[31mNA[39m[38;5;246m, [39m0.105809[38;5;246m, [39m[31mNA[39m[38;5;246m, [39m0.464815[38;5;246m, [39m2.420390[38;5;246m, [39m26.838000[38;5;246m, [39m[31mNA[39m[38;5;246m, [39m30.131300[38;5;246m, [39m16.036700…
$ x2005          [3m[38;5;246m<dbl>[39m[23m 25.400000[38;5;246m, [39m1.800000[38;5;246m, [39m1.224150[38;5;246m, [39m2.300000[38;5;246m, [39m1.143370[38;5;246m, [39m6.043890[38;5;246m, [39m37.605800[38;5;246m, [39m[31mNA[39m[38;5;246m, [39m40.00000…
$ x2006          [3m[38;5;246m<dbl>[39m[23m 28.000000[38;5;246m, [39m1.900000[38;5;246m, [39m2.107120[38;5;246m, [39m3.400000[38;5;246m, [39m1.500000[38;5;246m, [39m9.609990[38;5;246m, [39m48.936800[38;5;246m, [39m[31mNA[39m[38;5;246m, [39m52.00000…
$ x2007          [3m[38;5;246m<dbl>[39m[23m 30.900000[38;5;246m, [39m2.700000[38;5;246m, [39m1.900000[38;5;246m, [39m4.300000[38;5;246m, [39m1.700000[38;5;246m, [39m15.036100[38;5;246m, [39m70.870000[38;5;246m, [39m[31mNA[39m[38;5;246m, [39m61.0000…
$ x2008          [3m[38;5;246m<dbl>[39m[23m 52.0000[38;5;246m, [39m3.0000[38;5;246m, [39m1.8400[38;5;246m, [39m5.0000[38;5;246m, [39m1.9000[38;5;246m, [39m23.8600[38;5;246m, [39m70.0400[38;5;246m, [39m[31mNA[39m[38;5;246m, [39m63.0000[38;5;246m, [39m28.1126[38;5;246m, [39m6.2…
$ x2009          [3m[38;5;246m<dbl>[39m[23m 58.0000[38;5;246m, [39m3.5000[38;5;246m, [39m3.5500[38;5;246m, [39m5.8000[38;5;246m, [39m2.3000[38;5;246m, [39m41.2000[38;5;246m, [39m78.5300[38;5;246m, [39m[31mNA[39m[38;5;246m, [39m64.0000[38;5;246m, [39m34.0000[38;5;246m, [39m15.…
$ x2010          [3m[38;5;246m<dbl>[39m[23m 62.0000[38;5;246m, [39m5.3000[38;5;246m, [39m4.0000[38;5;246m, [39m7.3000[38;5;246m, [39m2.8000[38;5;246m, [39m45.0000[38;5;246m, [39m81.0000[38;5;246m, [39m[31mNA[39m[38;5;246m, [39m68.0000[38;5;246m, [39m45.0000[38;5;246m, [39m25.…
$ x2011          [3m[38;5;246m<dbl>[39m[23m 69.00000[38;5;246m, [39m6.80000[38;5;246m, [39m5.00000[38;5;246m, [39m8.70000[38;5;246m, [39m4.70000[38;5;246m, [39m47.00000[38;5;246m, [39m81.00000[38;5;246m, [39m[31mNA[39m[38;5;246m, [39m78.00000[38;5;246m, [39m51.0…
$ x2012          [3m[38;5;246m<dbl>[39m[23m 74.00000[38;5;246m, [39m8.40000[38;5;246m, [39m5.45455[38;5;246m, [39m10.30000[38;5;246m, [39m7.70000[38;5;246m, [39m49.40000[38;5;246m, [39m82.70000[38;5;246m, [39m[31mNA[39m[38;5;246m, [39m85.00000[38;5;246m, [39m55.…
$ x2013          [3m[38;5;246m<dbl>[39m[23m 78.90000[38;5;246m, [39m10.00000[38;5;246m, [39m5.90000[38;5;246m, [39m12.60000[38;5;246m, [39m13.00000[38;5;246m, [39m51.80000[38;5;246m, [39m84.40000[38;5;246m, [39m[31mNA[39m[38;5;246m, [39m88.00000[38;5;246m, [39m5…
$ x2014          [3m[38;5;246m<dbl>[39m[23m 83.78000[38;5;246m, [39m12.10000[38;5;246m, [39m7.00000[38;5;246m, [39m15.00000[38;5;246m, [39m21.36230[38;5;246m, [39m54.30000[38;5;246m, [39m86.10000[38;5;246m, [39m[31mNA[39m[38;5;246m, [39m90.40000[38;5;246m, [39m6…
$ x2015          [3m[38;5;246m<dbl>[39m[23m 88.6612[38;5;246m, [39m14.3000[38;5;246m, [39m8.2600[38;5;246m, [39m18.6000[38;5;246m, [39m22.0000[38;5;246m, [39m56.9000[38;5;246m, [39m87.9000[38;5;246m, [39m[31mNA[39m[38;5;246m, [39m90.5000[38;5;246m, [39m68.0431[38;5;246m, [39m…
$ x2016          [3m[38;5;246m<dbl>[39m[23m 93.5425[38;5;246m, [39m16.3000[38;5;246m, [39m11.0000[38;5;246m, [39m20.9000[38;5;246m, [39m23.2000[38;5;246m, [39m59.6000[38;5;246m, [39m89.7000[38;5;246m, [39m[31mNA[39m[38;5;246m, [39m90.6000[38;5;246m, [39m70.9690[38;5;246m,[39m…
$ x2017          [3m[38;5;246m<dbl>[39m[23m 97.17000[38;5;246m, [39m17.30000[38;5;246m, [39m13.50000[38;5;246m, [39m23.80000[38;5;246m, [39m26.00000[38;5;246m, [39m62.40000[38;5;246m, [39m91.56750[38;5;246m, [39m[31mNA[39m[38;5;246m, [39m94.81990[38;5;246m, [39m…
$ x2018          [3m[38;5;246m<dbl>[39m[23m [31mNA[39m[38;5;246m, [39m19.6000[38;5;246m, [39m16.8000[38;5;246m, [39m25.7000[38;5;246m, [39m29.0000[38;5;246m, [39m65.4000[38;5;246m, [39m[31mNA[39m[38;5;246m, [39m[31mNA[39m[38;5;246m, [39m98.4500[38;5;246m, [39m77.7000[38;5;246m, [39m68.2451[38;5;246m, [39m…
$ x2019          [3m[38;5;246m<dbl>[39m[23m [31mNA[39m[38;5;246m, [39m21.60000[38;5;246m, [39m17.60000[38;5;246m, [39m28.50000[38;5;246m, [39m32.12940[38;5;246m, [39m68.55040[38;5;246m, [39m90.71870[38;5;246m, [39m[31mNA[39m[38;5;246m, [39m99.15000[38;5;246m, [39m79.947…
$ x2020          [3m[38;5;246m<dbl>[39m[23m [31mNA[39m[38;5;246m, [39m23.50000[38;5;246m, [39m17.04850[38;5;246m, [39m31.50000[38;5;246m, [39m36.63470[38;5;246m, [39m72.23770[38;5;246m, [39m93.20560[38;5;246m, [39m[31mNA[39m[38;5;246m, [39m100.00000[38;5;246m, [39m85.51…
$ x2021          [3m[38;5;246m<dbl>[39m[23m [31mNA[39m[38;5;246m, [39m25.0000[38;5;246m, [39m16.5143[38;5;246m, [39m34.7000[38;5;246m, [39m39.3876[38;5;246m, [39m79.3237[38;5;246m, [39m93.8975[38;5;246m, [39m[31mNA[39m[38;5;246m, [39m100.0000[38;5;246m, [39m87.1507[38;5;246m, [39m78.…
$ x2022          [3m[38;5;246m<dbl>[39m[23m [31mNA[39m[38;5;246m, [39m26.8000[38;5;246m, [39m17.1917[38;5;246m, [39m37.5000[38;5;246m, [39m42.0719[38;5;246m, [39m82.6137[38;5;246m, [39m94.4855[38;5;246m, [39m[31mNA[39m[38;5;246m, [39m100.0000[38;5;246m, [39m88.3754[38;5;246m, [39m77.…
$ x2023          [3m[38;5;246m<dbl>[39m[23m [31mNA[39m[38;5;246m, [39m27.8000[38;5;246m, [39m17.7089[38;5;246m, [39m38.5000[38;5;246m, [39m44.7581[38;5;246m, [39m83.1356[38;5;246m, [39m95.4456[38;5;246m, [39m[31mNA[39m[38;5;246m, [39m100.0000[38;5;246m, [39m89.2290[38;5;246m, [39m79.…
$ x2024          [3m[38;5;246m<dbl>[39m[23m [31mNA[39m[38;5;246m, [39m28.8000[38;5;246m, [39m[31mNA[39m[38;5;246m, [39m40.0000[38;5;246m, [39m[31mNA[39m[38;5;246m, [39m[31mNA[39m[38;5;246m, [39m[31mNA[39m[38;5;246m, [39m[31mNA[39m[38;5;246m, [39m100.0000[38;5;246m, [39m89.6672[38;5;246m, [39m[31mNA[39m[38;5;246m, [39m[31mNA[39m[38;5;246m, [39m[31mNA[39m[38;5;246m, [39m[31mNA[39m[38;5;246m, [39m94.9197…
$ x2025          [3m[38;5;246m<dbl>[39m[23m [31mNA[39m[38;5;246m, [39m30.4[38;5;246m, [39m[31mNA[39m[38;5;246m, [39m42.4[38;5;246m, [39m[31mNA[39m[38;5;246m, [39m[31mNA[39m[38;5;246m, [39m[31mNA[39m[38;5;246m, [39m[31mNA[39m[38;5;246m, [39m[31mNA[39m[38;5;246m, [39m[31mNA[39m[38;5;246m, [39m[31mNA[39m[38;5;246m, [39m[31mNA[39m[38;5;246m, [39m[31mNA[39m[38;5;246m, [39m[31mNA[39m[38;5;246m, [39m[31mNA[39m[38;5;246m, [39m[31mNA[39m[38;5;246m, [39m[31mNA[39m[38;5;246m, [39m[31mNA[39m[38;5;246m, [39m[31mNA[39m[38;5;246m, [39m[31mNA[39m[38;5;246m, [39m…"
"1",""
"1","
"
"0","glimpse(metadata)"
"1","Rows: 265"
"1",""
"1","
"
"1","Columns: 5"
"1",""
"1","
"
"1","$ country_code  [3m[38;5;246m<chr>[39m[23m ""ABW""[38;5;246m, [39m""AFE""[38;5;246m, [39m""AFG""[38;5;246m, [39m""AFW""[38;5;246m, [39m""AGO""[38;5;246m, [39m""ALB""[38;5;246m, [39m""AND""[38;5;246m, [39m""ARB""[38;5;246m, [39m""ARE""[38;5;246m, [39m""ARG""[38;5;246m, [39m""ARM""[38;5;246m, [39m""ASM""[38;5;246m, [39m""…
$ region        [3m[38;5;246m<chr>[39m[23m ""Latin America & Caribbean""[38;5;246m, [39m[31mNA[39m[38;5;246m, [39m""Middle East & North Africa""[38;5;246m, [39m[31mNA[39m[38;5;246m, [39m""Sub-Saharan Afric…
$ income_group  [3m[38;5;246m<chr>[39m[23m ""High income""[38;5;246m, [39m[31mNA[39m[38;5;246m, [39m""Low income""[38;5;246m, [39m[31mNA[39m[38;5;246m, [39m""Lower middle income""[38;5;246m, [39m""Upper middle income""[38;5;246m, [39m""H…
$ special_notes [3m[38;5;246m<chr>[39m[23m [31mNA[39m[38;5;246m, [39m""26 countries, stretching from the Red Sea in the North to the Cape of Good Hope …
$ table_name    [3m[38;5;246m<chr>[39m[23m ""Aruba""[38;5;246m, [39m""Africa Eastern and Southern""[38;5;246m, [39m""Afghanistan""[38;5;246m, [39m""Africa Western and Central""[38;5;246m, [39m…"
"1",""
"1","
"
